f_target,seed,beta,seed_fraction,unserved_fraction,detonated,run_id
0.1,1000,0.3,0.05,0.0,True,c6d93959
0.1,1001,0.3,0.05,0.0,True,f7e546f3
0.1,1002,0.3,0.05,0.0,True,5b0785d7
0.1,1003,0.3,0.05,0.0,True,8d996e1b
0.1,1004,0.3,0.05,0.0,True,5beb7bd7
0.1,1005,0.3,0.05,0.0,True,42b1fc59
0.1,1006,0.3,0.05,0.02355212355212355,True,e4e2f377
0.1,1007,0.3,0.05,0.0,True,5cfed081
0.1,1008,0.3,0.05,0.0,True,952ebf33
0.1,1009,0.3,0.05,0.0,True,2de58bef
0.1,1010,0.3,0.05,0.3637065637065636,True,073b7dce
0.1,1011,0.3,0.05,0.0,True,a542682f
0.1,1012,0.3,0.05,0.0,True,9f72097e
0.1,1013,0.3,0.05,0.0,True,461c7698
0.1,1014,0.3,0.05,0.0,True,eb93ab47
0.1,1015,0.3,0.05,1.0,True,aa0b3040
0.1,1016,0.3,0.05,0.02355212355212355,True,76ade41d
0.1,1017,0.3,0.05,0.3637065637065636,True,55cfe56c
0.1,1018,0.3,0.05,0.0,True,d9f6dc3c
0.1,1019,0.3,0.05,1.0,True,59965114
0.1,1020,0.3,0.05,1.0,True,4a3ce0f4
0.1,1021,0.3,0.05,0.0,True,664346db
0.1,1022,0.3,0.05,0.0,True,d6c8be0b
0.1,1023,0.3,0.05,0.3637065637065636,True,ef9136a2
0.1,1024,0.3,0.05,0.0,True,72b8363a
0.1,1025,0.3,0.05,1.0,True,f71539f1
0.1,1026,0.3,0.05,1.0,True,0c55fb0d
0.1,1027,0.3,0.05,1.0,True,34d80ecb
0.1,1028,0.3,0.05,0.3637065637065636,True,2ef1eae6
0.1,1029,0.3,0.05,0.0,True,73a50a04
0.1,1030,0.3,0.05,1.0,True,dcbfcad5
0.1,1031,0.3,0.05,0.0,True,4242b486
0.1,1032,0.3,0.05,0.0,True,b73a6819
0.1,1033,0.3,0.05,0.3637065637065636,True,46b1d2be
0.1,1034,0.3,0.05,0.02355212355212355,True,0bc36b4a
0.1,1035,0.3,0.05,0.0,True,4667a4e8
0.1,1036,0.3,0.05,0.0,True,64fd8286
0.1,1037,0.3,0.05,1.0,True,3b862eb5
0.1,1038,0.3,0.05,1.0,True,a1d99d73
0.1,1039,0.3,0.05,0.3637065637065636,True,78f15342
0.1,1040,0.3,0.05,0.0,True,b1f5bc87
0.1,1041,0.3,0.05,0.3637065637065636,True,4b4ecc64
0.1,1042,0.3,0.05,1.0,True,19684424
0.1,1043,0.3,0.05,0.0,True,17d45a8b
0.1,1044,0.3,0.05,0.0,True,1d34125e
0.1,1045,0.3,0.05,0.0,True,99102d1c
0.1,1046,0.3,0.05,0.3637065637065636,True,98f057ee
0.1,1047,0.3,0.05,1.0,True,1558658b
0.1,1048,0.3,0.05,0.0,True,f3da5567
0.1,1049,0.3,0.05,0.3637065637065636,True,60fd6bbb
0.1,1050,0.3,0.05,0.02355212355212355,True,1b045a72
0.1,1051,0.3,0.05,1.0,True,d3816c82
0.1,1052,0.3,0.05,0.0,True,d07f1e0d
0.1,1053,0.3,0.05,0.0,True,10989ccf
0.1,1054,0.3,0.05,1.0,True,a0aefcdd
0.1,1055,0.3,0.05,1.0,True,31e5be57
0.1,1056,0.3,0.05,1.0,True,0aa2ddae
0.1,1057,0.3,0.05,0.0,True,1b9ed5c4
0.1,1058,0.3,0.05,0.0,True,dc84b3b9
0.1,1059,0.3,0.05,1.0,True,ce7b5c47
0.2,1000,0.3,0.05,0.0,True,5316ec01
0.2,1001,0.3,0.05,0.0,True,8d91613f
0.2,1002,0.3,0.05,0.0,True,a8fc992a
0.2,1003,0.3,0.05,0.3637065637065636,True,fdc56670
0.2,1004,0.3,0.05,0.0,True,f336f328
0.2,1005,0.3,0.05,0.3637065637065636,True,ad0d309b
0.2,1006,0.3,0.05,0.02355212355212355,True,0af665ec
0.2,1007,0.3,0.05,0.0,True,4821334c
0.2,1008,0.3,0.05,0.0,True,37a1640a
0.2,1009,0.3,0.05,0.0,True,9d778689
0.2,1010,0.3,0.05,0.3637065637065636,True,bca00493
0.2,1011,0.3,0.05,0.0,True,20155335
0.2,1012,0.3,0.05,0.0,True,184b3beb
0.2,1013,0.3,0.05,0.0,True,ffce5019
0.2,1014,0.3,0.05,0.0,True,efc206e5
0.2,1015,0.3,0.05,1.0,True,5feb06b2
0.2,1016,0.3,0.05,0.02355212355212355,True,cee35b5b
0.2,1017,0.3,0.05,0.3637065637065636,True,5b70c44e
0.2,1018,0.3,0.05,0.0,True,18779b09
0.2,1019,0.3,0.05,1.0,True,23fd5df4
0.2,1020,0.3,0.05,1.0,True,e5870e39
0.2,1021,0.3,0.05,0.0,True,6a336683
0.2,1022,0.3,0.05,0.0,True,a256023b
0.2,1023,0.3,0.05,0.3637065637065636,True,bd1d7bf2
0.2,1024,0.3,0.05,0.0,True,5dc88f08
0.2,1025,0.3,0.05,1.0,True,91d22b7c
0.2,1026,0.3,0.05,1.0,True,2768add9
0.2,1027,0.3,0.05,1.0,True,771879f0
0.2,1028,0.3,0.05,0.3637065637065636,True,cef444c0
0.2,1029,0.3,0.05,0.0,True,a39752ff
0.2,1030,0.3,0.05,1.0,True,61d9999b
0.2,1031,0.3,0.05,0.0,True,9f03ce4c
0.2,1032,0.3,0.05,0.0,True,452fa467
0.2,1033,0.3,0.05,0.3637065637065636,True,c4141268
0.2,1034,0.3,0.05,0.02355212355212355,True,30375b31
0.2,1035,0.3,0.05,0.0,True,633758da
0.2,1036,0.3,0.05,0.0,True,b02d3154
0.2,1037,0.3,0.05,1.0,True,665e9cdd
0.2,1038,0.3,0.05,1.0,True,f719b1d1
0.2,1039,0.3,0.05,0.3637065637065636,True,394c3551
0.2,1040,0.3,0.05,0.0,True,a338dbb2
0.2,1041,0.3,0.05,0.3637065637065636,True,7fb5a17a
0.2,1042,0.3,0.05,1.0,True,894689f6
0.2,1043,0.3,0.05,1.0,True,89a5a58b
0.2,1044,0.3,0.05,0.02355212355212355,True,e2fd04fd
0.2,1045,0.3,0.05,0.0,True,d0fcdfc4
0.2,1046,0.3,0.05,0.3637065637065636,True,499a4526
0.2,1047,0.3,0.05,1.0,True,ac417c1f
0.2,1048,0.3,0.05,0.0,True,7ae038e0
0.2,1049,0.3,0.05,0.3637065637065636,True,220754b2
0.2,1050,0.3,0.05,0.02355212355212355,True,bf47ae26
0.2,1051,0.3,0.05,1.0,True,0343315b
0.2,1052,0.3,0.05,0.0,True,ac03363d
0.2,1053,0.3,0.05,0.02355212355212355,True,9e21eb71
0.2,1054,0.3,0.05,1.0,True,cb16753a
0.2,1055,0.3,0.05,1.0,True,9cfae634
0.2,1056,0.3,0.05,1.0,True,f015f4a8
0.2,1057,0.3,0.05,0.0,True,d1d6cdf1
0.2,1058,0.3,0.05,0.0,True,98bfe1f9
0.2,1059,0.3,0.05,1.0,True,72c31f54
0.3,1000,0.3,0.05,0.02355212355212355,True,46500ee0
0.3,1001,0.3,0.05,0.02355212355212355,True,2dcb06da
0.3,1002,0.3,0.05,1.0,True,1c6052f2
0.3,1003,0.3,0.05,0.3637065637065636,True,0ddcaa54
0.3,1004,0.3,0.05,0.013513513513513487,True,749e763a
0.3,1005,0.3,0.05,0.3637065637065636,True,55aebf7c
0.3,1006,0.3,0.05,0.07181467181467183,True,6009fdae
0.3,1007,0.3,0.05,0.07181467181467183,True,1ef5499d
0.3,1008,0.3,0.05,0.3637065637065636,True,6490e297
0.3,1009,0.3,0.05,1.0,True,8549d6f4
0.3,1010,0.3,0.05,0.3637065637065636,True,a556e942
0.3,1011,0.3,0.05,0.07181467181467183,True,d3e6efb9
0.3,1012,0.3,0.05,0.013513513513513487,True,e1ef0248
0.3,1013,0.3,0.05,1.0,True,491e0574
0.3,1014,0.3,0.05,1.0,True,87de3f19
0.3,1015,0.3,0.05,1.0,True,fff36770
0.3,1016,0.3,0.05,0.02355212355212355,True,09a2de83
0.3,1017,0.3,0.05,0.3637065637065636,True,5f4d5308
0.3,1018,0.3,0.05,0.013513513513513487,True,052c3bf5
0.3,1019,0.3,0.05,1.0,True,af00b218
0.3,1020,0.3,0.05,1.0,True,af426d00
0.3,1021,0.3,0.05,0.3637065637065636,True,b6e1d20c
0.3,1022,0.3,0.05,0.07181467181467183,True,b7308eb3
0.3,1023,0.3,0.05,0.3637065637065636,True,653d1440
0.3,1024,0.3,0.05,0.02355212355212355,True,60e117a2
0.3,1025,0.3,0.05,1.0,True,b6b2c1ad
0.3,1026,0.3,0.05,1.0,True,4e1712a2
0.3,1027,0.3,0.05,1.0,True,22c8346d
0.3,1028,0.3,0.05,0.3637065637065636,True,60458170
0.3,1029,0.3,0.05,1.0,True,a5a91019
0.3,1030,0.3,0.05,1.0,True,abbfa5a8
0.3,1031,0.3,0.05,0.013513513513513487,True,32a53435
0.3,1032,0.3,0.05,0.0,True,6f1d8749
0.3,1033,0.3,0.05,0.3637065637065636,True,a0723d11
0.3,1034,0.3,0.05,0.02355212355212355,True,d84a7b9e
0.3,1035,0.3,0.05,0.02355212355212355,True,5ce099c9
0.3,1036,0.3,0.05,0.013513513513513487,True,3e585d3c
0.3,1037,0.3,0.05,1.0,True,78448bdb
0.3,1038,0.3,0.05,1.0,True,1e1e2b9b
0.3,1039,0.3,0.05,0.3637065637065636,True,626f23a3
0.3,1040,0.3,0.05,0.0,True,3974ebca
0.3,1041,0.3,0.05,0.3637065637065636,True,4b9230fe
0.3,1042,0.3,0.05,1.0,True,30fffe01
0.3,1043,0.3,0.05,1.0,True,11760b22
0.3,1044,0.3,0.05,0.07181467181467183,True,dcce2ccc
0.3,1045,0.3,0.05,0.3637065637065636,True,d2475d42
0.3,1046,0.3,0.05,0.3637065637065636,True,7a2099a3
0.3,1047,0.3,0.05,1.0,True,ab8ebcec
0.3,1048,0.3,0.05,0.3637065637065636,True,950bc53e
0.3,1049,0.3,0.05,0.3637065637065636,True,3a77b6dc
0.3,1050,0.3,0.05,0.02355212355212355,True,45fdf5a9
0.3,1051,0.3,0.05,1.0,True,dd7f6d32
0.3,1052,0.3,0.05,1.0,True,cfc9783b
0.3,1053,0.3,0.05,0.02355212355212355,True,92c9c67c
0.3,1054,0.3,0.05,1.0,True,defbdbf7
0.3,1055,0.3,0.05,1.0,True,1b63c67f
0.3,1056,0.3,0.05,1.0,True,6591a325
0.3,1057,0.3,0.05,0.07181467181467183,True,75697be7
0.3,1058,0.3,0.05,0.3637065637065636,True,2405a143
0.3,1059,0.3,0.05,1.0,True,04ca29d7
0.4,1000,0.3,0.05,0.07181467181467183,True,dcbc9891
0.4,1001,0.3,0.05,0.037065637065637036,True,dcecef7f
0.4,1002,0.3,0.05,1.0,True,71f5968a
0.4,1003,0.3,0.05,1.0,True,b5e090b3
0.4,1004,0.3,0.05,0.013513513513513487,True,0e917132
0.4,1005,0.3,0.05,0.3637065637065636,True,6820e025
0.4,1006,0.3,0.05,0.07181467181467183,True,71e2d3ad
0.4,1007,0.3,0.05,0.07181467181467183,True,de6f9d13
0.4,1008,0.3,0.05,0.3637065637065636,True,21036675
0.4,1009,0.3,0.05,1.0,True,574caa3d
0.4,1010,0.3,0.05,0.3637065637065636,True,fd719c2e
0.4,1011,0.3,0.05,0.07181467181467183,True,62822594
0.4,1012,0.3,0.05,0.013513513513513487,True,3de8699f
0.4,1013,0.3,0.05,1.0,True,04a23368
0.4,1014,0.3,0.05,1.0,True,ce993da1
0.4,1015,0.3,0.05,1.0,True,2f17d1a4
0.4,1016,0.3,0.05,0.07181467181467183,True,9daf09d9
0.4,1017,0.3,0.05,0.3637065637065636,True,4ba60c6c
0.4,1018,0.3,0.05,0.013513513513513487,True,bc77ef1a
0.4,1019,0.3,0.05,1.0,True,aa586ed2
0.4,1020,0.3,0.05,1.0,True,913e29d5
0.4,1021,0.3,0.05,1.0,True,f93a4dfe
0.4,1022,0.3,0.05,1.0,True,68f3857f
0.4,1023,0.3,0.05,0.3637065637065636,True,d7ab9bf0
0.4,1024,0.3,0.05,0.07181467181467183,True,851e2bc3
0.4,1025,0.3,0.05,1.0,True,240eab23
0.4,1026,0.3,0.05,1.0,True,51e85807
0.4,1027,0.3,0.05,1.0,True,f7c7ce6d
0.4,1028,0.3,0.05,0.41583011583011575,True,7c771fe3
0.4,1029,0.3,0.05,1.0,True,13beca3a
0.4,1030,0.3,0.05,1.0,True,dd3924c6
0.4,1031,0.3,0.05,0.037065637065637036,True,a35c2874
0.4,1032,0.3,0.05,0.013513513513513487,True,97d9ffd1
0.4,1033,0.3,0.05,0.3637065637065636,True,f996944f
0.4,1034,0.3,0.05,0.07181467181467183,True,bf5d7755
0.4,1035,0.3,0.05,0.07181467181467183,True,053113fc
0.4,1036,0.3,0.05,0.3772200772200772,True,6139e2ed
0.4,1037,0.3,0.05,1.0,True,f8c171e5
0.4,1038,0.3,0.05,1.0,True,be9dfa37
0.4,1039,0.3,0.05,0.7544401544401544,True,94e8e26e
0.4,1040,0.3,0.05,0.3772200772200772,True,282a6575
0.4,1041,0.3,0.05,0.3637065637065636,True,e9e5c80e
0.4,1042,0.3,0.05,1.0,True,f2fe0dfb
0.4,1043,0.3,0.05,1.0,True,3c5e5637
0.4,1044,0.3,0.05,0.07181467181467183,True,90e7094f
0.4,1045,0.3,0.05,1.0,True,eecfd7a6
0.4,1046,0.3,0.05,0.3637065637065636,True,93d5f882
0.4,1047,0.3,0.05,1.0,True,b978b0e0
0.4,1048,0.3,0.05,0.3637065637065636,True,b365f17e
0.4,1049,0.3,0.05,0.3637065637065636,True,bc9b58db
0.4,1050,0.3,0.05,0.037065637065637036,True,076f4a74
0.4,1051,0.3,0.05,1.0,True,d20a3f6b
0.4,1052,0.3,0.05,1.0,True,25f6b8b6
0.4,1053,0.3,0.05,0.037065637065637036,True,baf66afc
0.4,1054,0.3,0.05,1.0,True,46c2948f
0.4,1055,0.3,0.05,1.0,True,cdda9533
0.4,1056,0.3,0.05,1.0,True,3838fb5f
0.4,1057,0.3,0.05,1.0,True,1a8eb748
0.4,1058,0.3,0.05,0.3637065637065636,True,1eef67bd
0.4,1059,0.3,0.05,1.0,True,87acdaa0
0.5,1000,0.3,0.05,1.0,True,3306ca09
0.5,1001,0.3,0.05,0.07181467181467183,True,172ebb47
0.5,1002,0.3,0.05,1.0,True,2a564e43
0.5,1003,0.3,0.05,1.0,True,962e9253
0.5,1004,0.3,0.05,0.40077220077220066,True,50c33728
0.5,1005,0.3,0.05,0.7544401544401544,True,955360c9
0.5,1006,0.3,0.05,0.07181467181467183,True,c1df1fa3
0.5,1007,0.3,0.05,1.0,True,25043fb1
0.5,1008,0.3,0.05,1.0,True,31580202
0.5,1009,0.3,0.05,1.0,True,c8e3c45e
0.5,1010,0.3,0.05,0.4212355212355212,True,f9169e75
0.5,1011,0.3,0.05,0.07181467181467183,True,b44c856a
0.5,1012,0.3,0.05,0.40077220077220066,True,0fa9d90d
0.5,1013,0.3,0.05,1.0,True,9e55355b
0.5,1014,0.3,0.05,1.0,True,f99b5833
0.5,1015,0.3,0.05,1.0,True,6bc6234a
0.5,1016,0.3,0.05,0.07181467181467183,True,79c99e48
0.5,1017,0.3,0.05,0.4212355212355212,True,768811ad
0.5,1018,0.3,0.05,0.40077220077220066,True,bb424237
0.5,1019,0.3,0.05,1.0,True,1a4f6f26
0.5,1020,0.3,0.05,1.0,True,17387fa4
0.5,1021,0.3,0.05,1.0,True,5d30f0c5
0.5,1022,0.3,0.05,1.0,True,fb3c8571
0.5,1023,0.3,0.05,0.7544401544401544,True,00dae320
0.5,1024,0.3,0.05,0.07181467181467183,True,1bb42690
0.5,1025,0.3,0.05,1.0,True,a8075d40
0.5,1026,0.3,0.05,1.0,True,7d10bfee
0.5,1027,0.3,0.05,1.0,True,b376b6d0
0.5,1028,0.3,0.05,0.8065637065637066,True,6f3e730c
0.5,1029,0.3,0.05,1.0,True,639d51df
0.5,1030,0.3,0.05,1.0,True,454056a7
0.5,1031,0.3,0.05,0.40077220077220066,True,9a3d2db5
0.5,1032,0.3,0.05,0.07181467181467183,True,1d20b1f1
0.5,1033,0.3,0.05,0.7679536679536679,True,6fcc1ae6
0.5,1034,0.3,0.05,1.0,True,2bafd24b
0.5,1035,0.3,0.05,1.0,True,cc48ffda
0.5,1036,0.3,0.05,0.8200772200772201,True,f5339cde
0.5,1037,0.3,0.05,1.0,True,3220f576
0.5,1038,0.3,0.05,1.0,True,c18697b1
0.5,1039,0.3,0.05,0.8065637065637066,True,dd48120f
0.5,1040,0.3,0.05,0.40077220077220066,True,bdc10ea9
0.5,1041,0.3,0.05,0.4212355212355212,True,9659d1d3
0.5,1042,0.3,0.05,1.0,True,d5c1ca31
0.5,1043,0.3,0.05,1.0,True,e3effebe
0.5,1044,0.3,0.05,0.07181467181467183,True,18c8ca6e
0.5,1045,0.3,0.05,1.0,True,a5f0bb90
0.5,1046,0.3,0.05,0.7544401544401544,True,9acdef2c
0.5,1047,0.3,0.05,1.0,True,0dd4bc63
0.5,1048,0.3,0.05,0.4393822393822393,True,a846abea
0.5,1049,0.3,0.05,0.7544401544401544,True,94b32c19
0.5,1050,0.3,0.05,0.07181467181467183,True,77f5a4bc
0.5,1051,0.3,0.05,1.0,True,a7b6b8b7
0.5,1052,0.3,0.05,1.0,True,a6d72b6b
0.5,1053,0.3,0.05,0.07181467181467183,True,dfa72ed2
0.5,1054,0.3,0.05,1.0,True,6e8c78a6
0.5,1055,0.3,0.05,1.0,True,c054db2f
0.5,1056,0.3,0.05,1.0,True,9b1254c8
0.5,1057,0.3,0.05,1.0,True,2b91f7c8
0.5,1058,0.3,0.05,0.8065637065637066,True,ea415aec
0.5,1059,0.3,0.05,1.0,True,77eb50c2
0.6,1000,0.3,0.05,1.0,True,5f84824c
0.6,1001,0.3,0.05,0.43552123552123545,True,ccd57b41
0.6,1002,0.3,0.05,1.0,True,1de2c3e3
0.6,1003,0.3,0.05,0.505019305019305,True,0c7451c6
0.6,1004,0.3,0.05,0.4528957528957529,True,56102ee9
0.6,1005,0.3,0.05,0.7544401544401544,True,55eb6c39
0.6,1006,0.3,0.05,1.0,True,971fbd42
0.6,1007,0.3,0.05,1.0,True,cd407a88
0.6,1008,0.3,0.05,0.505019305019305,True,f1314a9a
0.6,1009,0.3,0.05,1.0,True,c69f327e
0.6,1010,0.3,0.05,0.7544401544401544,True,cb2763f4
0.6,1011,0.3,0.05,0.07181467181467183,True,46b09873
0.6,1012,0.3,0.05,0.4876447876447877,True,2de4963c
0.6,1013,0.3,0.05,1.0,True,d65ed71b
0.6,1014,0.3,0.05,1.0,True,014eb9b5
0.6,1015,0.3,0.05,1.0,True,976729c5
0.6,1016,0.3,0.05,1.0,True,ef6e6c6d
0.6,1017,0.3,0.05,0.505019305019305,True,b061940c
0.6,1018,0.3,0.05,0.43552123552123545,True,d4a48d2a
0.6,1019,0.3,0.05,1.0,True,65c35a7c
0.6,1020,0.3,0.05,1.0,True,f7304945
0.6,1021,0.3,0.05,0.505019305019305,True,d1debb26
0.6,1022,0.3,0.05,1.0,True,ddf30c31
0.6,1023,0.3,0.05,0.7544401544401544,True,f60b3f51
0.6,1024,0.3,0.05,1.0,True,adc7f0f9
0.6,1025,0.3,0.05,1.0,True,c01852cb
0.6,1026,0.3,0.05,1.0,True,c4ec6e49
0.6,1027,0.3,0.05,1.0,True,8a20b0c5
0.6,1028,0.3,0.05,0.8301158301158301,True,1559239f
0.6,1029,0.3,0.05,1.0,True,4dc2d7c4
0.6,1030,0.3,0.05,1.0,True,afc62d3e
0.6,1031,0.3,0.05,0.4528957528957529,True,4914e6b6
0.6,1032,0.3,0.05,0.43552123552123545,True,8a9898df
0.6,1033,0.3,0.05,0.8200772200772201,True,1ba654c0
0.6,1034,0.3,0.05,1.0,True,9bf80d14
0.6,1035,0.3,0.05,1.0,True,91f0377f
0.6,1036,0.3,0.05,0.8200772200772201,True,96777242
0.6,1037,0.3,0.05,1.0,True,3655790b
0.6,1038,0.3,0.05,1.0,True,6db1b7dd
0.6,1039,0.3,0.05,0.8200772200772201,True,9ece8c13
0.6,1040,0.3,0.05,0.43552123552123545,True,e7e587ef
0.6,1041,0.3,0.05,0.7544401544401544,True,418f6728
0.6,1042,0.3,0.05,1.0,True,235d837e
0.6,1043,0.3,0.05,1.0,True,4dc5989c
0.6,1044,0.3,0.05,0.43552123552123545,True,193ca190
0.6,1045,0.3,0.05,1.0,True,b482d748
0.6,1046,0.3,0.05,0.7544401544401544,True,004d57cc
0.6,1047,0.3,0.05,1.0,True,f6df4de5
0.6,1048,0.3,0.05,0.4528957528957529,True,c7b166dc
0.6,1049,0.3,0.05,0.7679536679536679,True,cec9a13f
0.6,1050,0.3,0.05,0.07181467181467183,True,47693e55
0.6,1051,0.3,0.05,1.0,True,8d5285ac
0.6,1052,0.3,0.05,1.0,True,d0435071
0.6,1053,0.3,0.05,0.43552123552123545,True,9b43164f
0.6,1054,0.3,0.05,1.0,True,0951a7a8
0.6,1055,0.3,0.05,1.0,True,43a58551
0.6,1056,0.3,0.05,1.0,True,8f0e7e5a
0.6,1057,0.3,0.05,1.0,True,256ec293
0.6,1058,0.3,0.05,0.8200772200772201,True,ef76d982
0.6,1059,0.3,0.05,1.0,True,2cb33cc5
0.7,1000,0.3,0.05,1.0,True,60c0c78d
0.7,1001,0.3,0.05,0.4876447876447877,True,eed2ac8e
0.7,1002,0.3,0.05,1.0,True,219d24e0
0.7,1003,0.3,0.05,1.0,True,ad8299c9
0.7,1004,0.3,0.05,0.8436293436293436,True,68ee1dab
0.7,1005,0.3,0.05,0.8517374517374517,True,76905d7d
0.7,1006,0.3,0.05,1.0,True,db7e48d8
0.7,1007,0.3,0.05,1.0,True,f90180f3
0.7,1008,0.3,0.05,0.8903474903474904,True,d5cd5a09
0.7,1009,0.3,0.05,1.0,True,78e7eca5
0.7,1010,0.3,0.05,0.8200772200772201,True,5d1cdd5a
0.7,1011,0.3,0.05,1.0,True,86570138
0.7,1012,0.3,0.05,0.8436293436293436,True,8365767e
0.7,1013,0.3,0.05,1.0,True,a3e55dc1
0.7,1014,0.3,0.05,1.0,True,5666e396
0.7,1015,0.3,0.05,1.0,True,809e8a13
0.7,1016,0.3,0.05,1.0,True,db03f6ab
0.7,1017,0.3,0.05,1.0,True,293384e5
0.7,1018,0.3,0.05,1.0,True,562c5ccb
0.7,1019,0.3,0.05,1.0,True,ec448575
0.7,1020,0.3,0.05,1.0,True,55dc71c2
0.7,1021,0.3,0.05,1.0,True,3ac36450
0.7,1022,0.3,0.05,1.0,True,f20f3a0e
0.7,1023,0.3,0.05,0.8200772200772201,True,13328eda
0.7,1024,0.3,0.05,1.0,True,e57d47be
0.7,1025,0.3,0.05,1.0,True,aa28e6c8
0.7,1026,0.3,0.05,1.0,True,aa89aa8f
0.7,1027,0.3,0.05,1.0,True,e11b40c6
0.7,1028,0.3,0.05,0.8301158301158301,True,850f0be6
0.7,1029,0.3,0.05,1.0,True,e54df8a5
0.7,1030,0.3,0.05,1.0,True,740c71c9
0.7,1031,0.3,0.05,0.4876447876447877,True,2364313a
0.7,1032,0.3,0.05,0.4876447876447877,True,60849804
0.7,1033,0.3,0.05,0.8200772200772201,True,30ffc545
0.7,1034,0.3,0.05,1.0,True,0b077a05
0.7,1035,0.3,0.05,1.0,True,c2c5c9b1
0.7,1036,0.3,0.05,0.8200772200772201,True,89f857fe
0.7,1037,0.3,0.05,1.0,True,b27abe8e
0.7,1038,0.3,0.05,1.0,True,276f2e7f
0.7,1039,0.3,0.05,0.8200772200772201,True,27f7c7de
0.7,1040,0.3,0.05,0.4876447876447877,True,478a8b5f
0.7,1041,0.3,0.05,0.8436293436293436,True,dac26809
0.7,1042,0.3,0.05,1.0,True,17a45f41
0.7,1043,0.3,0.05,1.0,True,46c88b1c
0.7,1044,0.3,0.05,0.4876447876447877,True,617cd139
0.7,1045,0.3,0.05,1.0,True,4dbb4edc
0.7,1046,0.3,0.05,0.8903474903474904,True,488bec35
0.7,1047,0.3,0.05,1.0,True,4a9781bd
0.7,1048,0.3,0.05,0.8436293436293436,True,f30accbb
0.7,1049,0.3,0.05,0.8200772200772201,True,7fee1d83
0.7,1050,0.3,0.05,1.0,True,1503f3f8
0.7,1051,0.3,0.05,1.0,True,8bcca4ff
0.7,1052,0.3,0.05,1.0,True,acd1e394
0.7,1053,0.3,0.05,0.4876447876447877,True,f7e54d9c
0.7,1054,0.3,0.05,1.0,True,ad9fe9a7
0.7,1055,0.3,0.05,1.0,True,b77ff8af
0.7,1056,0.3,0.05,1.0,True,99ec9df5
0.7,1057,0.3,0.05,1.0,True,5f4ec4ac
0.7,1058,0.3,0.05,0.8436293436293436,True,c0c5715e
0.7,1059,0.3,0.05,1.0,True,563d46f0
0.8,1000,0.3,0.05,1.0,True,d7f6c50e
0.8,1001,0.3,0.05,1.0,True,15ef494e
0.8,1002,0.3,0.05,1.0,True,6393cd19
0.8,1003,0.3,0.05,1.0,True,17909261
0.8,1004,0.3,0.05,0.8436293436293436,True,e5118777
0.8,1005,0.3,0.05,1.0,True,dc822d84
0.8,1006,0.3,0.05,1.0,True,396a9d2b
0.8,1007,0.3,0.05,1.0,True,39d50cf4
0.8,1008,0.3,0.05,0.9038610038610039,True,50ae1e42
0.8,1009,0.3,0.05,1.0,True,0ed96706
0.8,1010,0.3,0.05,0.9274131274131274,True,b8969dc3
0.8,1011,0.3,0.05,1.0,True,7b21f1c3
0.8,1012,0.3,0.05,0.8436293436293436,True,3ba014cc
0.8,1013,0.3,0.05,1.0,True,2e0a9767
0.8,1014,0.3,0.05,1.0,True,49cda5fa
0.8,1015,0.3,0.05,1.0,True,856d50f5
0.8,1016,0.3,0.05,1.0,True,e1cc7b94
0.8,1017,0.3,0.05,1.0,True,b0bf13f5
0.8,1018,0.3,0.05,1.0,True,f5552ab2
0.8,1019,0.3,0.05,1.0,True,02d9a815
0.8,1020,0.3,0.05,1.0,True,29c1a8b7
0.8,1021,0.3,0.05,1.0,True,930ccd93
0.8,1022,0.3,0.05,1.0,True,76156f8f
0.8,1023,0.3,0.05,0.9038610038610039,True,6fc016ce
0.8,1024,0.3,0.05,1.0,True,3f768f32
0.8,1025,0.3,0.05,1.0,True,9efb78b0
0.8,1026,0.3,0.05,1.0,True,606eb5d7
0.8,1027,0.3,0.05,1.0,True,e0655f32
0.8,1028,0.3,0.05,0.8436293436293436,True,c3d413eb
0.8,1029,0.3,0.05,1.0,True,52380bc6
0.8,1030,0.3,0.05,1.0,True,bbc1c61c
0.8,1031,0.3,0.05,1.0,True,19a28d5e
0.8,1032,0.3,0.05,1.0,True,9370e09b
0.8,1033,0.3,0.05,0.9038610038610039,True,b6992097
0.8,1034,0.3,0.05,1.0,True,3723af9a
0.8,1035,0.3,0.05,1.0,True,6fcc052b
0.8,1036,0.3,0.05,0.9274131274131274,True,a9b7fb96
0.8,1037,0.3,0.05,1.0,True,57c38a67
0.8,1038,0.3,0.05,1.0,True,5a9f3f19
0.8,1039,0.3,0.05,0.8436293436293436,True,7af49bf6
0.8,1040,0.3,0.05,1.0,True,8d142452
0.8,1041,0.3,0.05,0.8436293436293436,True,29663464
0.8,1042,0.3,0.05,1.0,True,a197ab7f
0.8,1043,0.3,0.05,1.0,True,a60735b8
0.8,1044,0.3,0.05,1.0,True,d958dcf4
0.8,1045,0.3,0.05,1.0,True,043289f3
0.8,1046,0.3,0.05,0.9038610038610039,True,216c43e6
0.8,1047,0.3,0.05,1.0,True,e3e7b09c
0.8,1048,0.3,0.05,0.8436293436293436,True,6ce42bf1
0.8,1049,0.3,0.05,0.9038610038610039,True,a9f638ca
0.8,1050,0.3,0.05,1.0,True,236e2ad1
0.8,1051,0.3,0.05,1.0,True,c977ac0f
0.8,1052,0.3,0.05,1.0,True,8f505f68
0.8,1053,0.3,0.05,1.0,True,75f7ee9c
0.8,1054,0.3,0.05,1.0,True,211a4798
0.8,1055,0.3,0.05,1.0,True,a17c4059
0.8,1056,0.3,0.05,1.0,True,d533739b
0.8,1057,0.3,0.05,1.0,True,8b158ee3
0.8,1058,0.3,0.05,0.8436293436293436,True,ddb4cbc9
0.8,1059,0.3,0.05,1.0,True,0eb11936
0.9,1000,0.3,0.05,1.0,True,c0ead7db
0.9,1001,0.3,0.05,1.0,True,c49cb3d5
0.9,1002,0.3,0.05,1.0,True,79a9b638
0.9,1003,0.3,0.05,1.0,True,31737678
0.9,1004,0.3,0.05,0.9162162162162162,True,20519790
0.9,1005,0.3,0.05,1.0,True,35e9153b
0.9,1006,0.3,0.05,1.0,True,83e5f7c5
0.9,1007,0.3,0.05,1.0,True,a00e9df5
0.9,1008,0.3,0.05,1.0,True,9311aa60
0.9,1009,0.3,0.05,1.0,True,a486dd58
0.9,1010,0.3,0.05,0.9274131274131274,True,d61dc4a4
0.9,1011,0.3,0.05,1.0,True,1f8a9e62
0.9,1012,0.3,0.05,1.0,True,5145d2f8
0.9,1013,0.3,0.05,1.0,True,c07cc072
0.9,1014,0.3,0.05,1.0,True,3b9f6816
0.9,1015,0.3,0.05,1.0,True,91fe58a1
0.9,1016,0.3,0.05,1.0,True,712751f2
0.9,1017,0.3,0.05,1.0,True,a68ff9ea
0.9,1018,0.3,0.05,1.0,True,7d3625d2
0.9,1019,0.3,0.05,1.0,True,7963e392
0.9,1020,0.3,0.05,1.0,True,e0c19aea
0.9,1021,0.3,0.05,1.0,True,15a0a854
0.9,1022,0.3,0.05,1.0,True,83d44803
0.9,1023,0.3,0.05,1.0,True,824a8ba6
0.9,1024,0.3,0.05,1.0,True,04f3df9f
0.9,1025,0.3,0.05,1.0,True,7de8d697
0.9,1026,0.3,0.05,1.0,True,42fd0e1a
0.9,1027,0.3,0.05,1.0,True,cb5a2f32
0.9,1028,0.3,0.05,0.9162162162162162,True,fa52429d
0.9,1029,0.3,0.05,1.0,True,c4fd01e7
0.9,1030,0.3,0.05,1.0,True,3fd3cec5
0.9,1031,0.3,0.05,1.0,True,35472f07
0.9,1032,0.3,0.05,1.0,True,25957bb6
0.9,1033,0.3,0.05,1.0,True,76dc379c
0.9,1034,0.3,0.05,1.0,True,8e65e599
0.9,1035,0.3,0.05,1.0,True,0ce366ae
0.9,1036,0.3,0.05,0.9274131274131274,True,b719615b
0.9,1037,0.3,0.05,1.0,True,82ac1439
0.9,1038,0.3,0.05,1.0,True,47fa7cbb
0.9,1039,0.3,0.05,1.0,True,f3f6ceb3
0.9,1040,0.3,0.05,1.0,True,fc8dc319
0.9,1041,0.3,0.05,0.9274131274131274,True,429c5d4b
0.9,1042,0.3,0.05,1.0,True,40f0f900
0.9,1043,0.3,0.05,1.0,True,fabddd2e
0.9,1044,0.3,0.05,1.0,True,bc581596
0.9,1045,0.3,0.05,1.0,True,1dd7a649
0.9,1046,0.3,0.05,1.0,True,7b9efe87
0.9,1047,0.3,0.05,1.0,True,fbee8459
0.9,1048,0.3,0.05,1.0,True,7e28f1bc
0.9,1049,0.3,0.05,1.0,True,bc3542f0
0.9,1050,0.3,0.05,1.0,True,279924f8
0.9,1051,0.3,0.05,1.0,True,84d55ff3
0.9,1052,0.3,0.05,1.0,True,b7e952c2
0.9,1053,0.3,0.05,1.0,True,2ceaf45e
0.9,1054,0.3,0.05,1.0,True,5632c029
0.9,1055,0.3,0.05,1.0,True,8ece2992
0.9,1056,0.3,0.05,1.0,True,089ac9d0
0.9,1057,0.3,0.05,1.0,True,af34fe21
0.9,1058,0.3,0.05,1.0,True,382d14ca
0.9,1059,0.3,0.05,1.0,True,2f1f8eea
